[
    {
        "id": 1,
        "name": "Magilmithran",
        "phone": "9876543210",
        "email": "magil@example.com",
        "plan": "1GB/Day - 28 Days",
        "expiry_date": "2025-03-05"
    },
    {
        "id": 2,
        "name": "Saravanan",
        "phone": "9823456789",
        "email": "saravanan@example.com",
        "plan": "2GB/Day - 56 Days",
        "expiry_date": "2025-03-04"
    },
    {
        "id": 3,
        "name": "Ilango",
        "phone": "9753124680",
        "email": "ilango@example.com",
        "plan": "3GB/Day - 84 Days",
        "expiry_date": "2025-03-03"
    },
    {
        "id": 4,
        "name": "Murugan",
        "phone": "9123456780",
        "email": "murugan@example.com",
        "plan": "1.5GB/Day - 28 Days",
        "expiry_date": "2025-03-02"
    },
    {
        "id": 5,
        "name": "Arunmozhi",
        "phone": "9988776655",
        "email": "arunmozhi@example.com",
        "plan": "Unlimited Calls - 30 Days",
        "expiry_date": "2025-03-02"
    },
    {
        "id": 6,
        "name": "Thirumoorthy",
        "phone": "9871236540",
        "email": "thiru@example.com",
        "plan": "2GB/Day - 60 Days",
        "expiry_date": "2025-03-03"
    },
    {
        "id": 7,
        "name": "Karthikeyan",
        "phone": "9734567890",
        "email": "karthi@example.com",
        "plan": "1GB/Day - 28 Days",
        "expiry_date": "2025-03-04"
    },
    {
        "id": 8,
        "name": "Senthil",
        "phone": "9543217890",
        "email": "senthil@example.com",
        "plan": "1.5GB/Day - 28 Days",
        "expiry_date": "2025-03-05"
    },
    {
        "id": 9,
        "name": "Gokulnath",
        "phone": "9123456790",
        "email": "gokul@example.com",
        "plan": "2GB/Day - 56 Days",
        "expiry_date": "2025-03-05"
    },
    {
        "id": 10,
        "name": "Perumal",
        "phone": "9321456789",
        "email": "perumal@example.com",
        "plan": "Unlimited Calls - 28 Days",
        "expiry_date": "2025-03-04"
    },
    {
        "id": 11,
        "name": "Aravindhan",
        "phone": "9786543210",
        "email": "aravind@example.com",
        "plan": "3GB/Day - 90 Days",
        "expiry_date": "2025-03-03"
    },
    {
        "id": 12,
        "name": "Kumaravel",
        "phone": "9456789012",
        "email": "kumaravel@example.com",
        "plan": "1GB/Day - 28 Days",
        "expiry_date": "2025-03-05"
    },
    {
        "id": 13,
        "name": "Balasubramani",
        "phone": "9678901234",
        "email": "bala@example.com",
        "plan": "2GB/Day - 60 Days",
        "expiry_date": "2025-03-03"
    },
    {
        "id": 14,
        "name": "Jegadeesan",
        "phone": "9567891234",
        "email": "jegadeesan@example.com",
        "plan": "1.5GB/Day - 30 Days",
        "expiry_date": "2025-03-02"
    },
    {
        "id": 15,
        "name": "Devarajan",
        "phone": "9783216540",
        "email": "deva@example.com",
        "plan": "Unlimited Calls - 90 Days",
        "expiry_date": "2025-03-04"
    }
]
