[
    { "name": "Basic Plan", "price": "₹99", "validity": "28 Days" },
    { "name": "Silver Plan", "price": "₹199", "validity": "56 Days" },
    { "name": "Gold Plan", "price": "₹299", "validity": "84 Days" },
    { "name": "Platinum Plan", "price": "₹499", "validity": "90 Days" },
    { "name": "Unlimited Plan", "price": "₹799", "validity": "365 Days" },
    { "name": "Student Plan", "price": "₹149", "validity": "30 Days" },
    { "name": "Data Booster", "price": "₹59", "validity": "10 Days" },
    { "name": "Long-Term Plan", "price": "₹999", "validity": "365 Days" },
    { "name": "Combo Offer", "price": "₹349", "validity": "70 Days" },
    { "name": "Work-from-Home", "price": "₹599", "validity": "120 Days" },
    { "name": "Family Pack", "price": "₹899", "validity": "180 Days" },
    { "name": "Economy Plan", "price": "₹129", "validity": "45 Days" },
    { "name": "High-Speed Plan", "price": "₹159", "validity": "30 Days" },
    { "name": "Entertainment Pack", "price": "₹499", "validity": "90 Days" },
    { "name": "Gaming Plan", "price": "₹249", "validity": "60 Days" },
    { "name": "Corporate Plan", "price": "₹1,499", "validity": "365 Days" },
    { "name": "Festival Offer", "price": "₹199", "validity": "50 Days" },
    { "name": "Talktime Plan", "price": "₹399", "validity": "100 Days" },
    { "name": "Senior Citizen Plan", "price": "₹699", "validity": "365 Days" },
    { "name": "Youth Special", "price": "₹249", "validity": "90 Days" },
    { "name": "Weekend Plan", "price": "₹79", "validity": "15 Days" },
    { "name": "Data & Calls Combo", "price": "₹599", "validity": "120 Days" }
]
