[
    {
        "phone": "9876543210",
        "id": "TXN12345",
        "status": "Success",
        "amount": "₹4100",
        "date": "2025-03-02"
    },
    {
        "phone": "9123456780",
        "id": "TXN67890",
        "status": "Failed",
        "amount": "₹2500",
        "date": "2025-03-01"
    },
    {
        "phone": "8987654321",
        "id": "TXN10001",
        "status": "Success",
        "amount": "₹3700",
        "date": "2025-02-28"
    },
    {
        "phone": "8675309865",
        "id": "TXN10002",
        "status": "Success",
        "amount": "₹6200",
        "date": "2025-02-27"
    },
    {
        "phone": "8234567890",
        "id": "TXN10003",
        "status": "Failed",
        "amount": "₹1600",
        "date": "2025-02-26"
    },
    {
        "phone": "8345678901",
        "id": "TXN10004",
        "status": "Success",
        "amount": "₹4900",
        "date": "2025-02-25"
    },
    {
        "phone": "8123456789",
        "id": "TXN10005",
        "status": "Failed",
        "amount": "₹2000",
        "date": "2025-02-24"
    },
    {
        "phone": "8456789012",
        "id": "TXN10006",
        "status": "Success",
        "amount": "₹6500",
        "date": "2025-02-23"
    },
    {
        "phone": "8234987654",
        "id": "TXN10007",
        "status": "Success",
        "amount": "₹7700",
        "date": "2025-02-22"
    },
    {
        "phone": "8456781234",
        "id": "TXN10008",
        "status": "Failed",
        "amount": "₹3200",
        "date": "2025-02-21"
    },
    {
        "phone": "8345679823",
        "id": "TXN10009",
        "status": "Success",
        "amount": "₹4300",
        "date": "2025-02-20"
    },
    {
        "phone": "8654321098",
        "id": "TXN10010",
        "status": "Failed",
        "amount": "₹2700",
        "date": "2025-02-19"
    },
    {
        "phone": "8765432109",
        "id": "TXN10011",
        "status": "Success",
        "amount": "₹5100",
        "date": "2025-02-18"
    },
    {
        "phone": "8675432101",
        "id": "TXN10012",
        "status": "Failed",
        "amount": "₹5600",
        "date": "2025-02-17"
    },
    {
        "phone": "8987654321",
        "id": "TXN10013",
        "status": "Success",
        "amount": "₹8000",
        "date": "2025-02-16"
    },
    {
        "phone": "8567894321",
        "id": "TXN10014",
        "status": "Success",
        "amount": "₹6800",
        "date": "2025-02-15"
    },
    {
        "phone": "8234567891",
        "id": "TXN10015",
        "status": "Failed",
        "amount": "₹4000",
        "date": "2025-02-14"
    },
    {
        "phone": "8234567899",
        "id": "TXN10016",
        "status": "Success",
        "amount": "₹7200",
        "date": "2025-02-13"
    },
    {
        "phone": "8334567890",
        "id": "TXN10017",
        "status": "Success",
        "amount": "₹6000",
        "date": "2025-02-12"
    },
    {
        "phone": "8123456789",
        "id": "TXN10018",
        "status": "Failed",
        "amount": "₹4900",
        "date": "2025-02-11"
    },
    {
        "phone": "8675309876",
        "id": "TXN10019",
        "status": "Success",
        "amount": "₹9000",
        "date": "2025-02-10"
    },
    {
        "phone": "8543210987",
        "id": "TXN10020",
        "status": "Failed",
        "amount": "₹7700",
        "date": "2025-02-09"
    }
]
