[
  { "id": 1, "name": "Magilmithran", "phone": "9876543210", "email": "magilmithran@example.com", "status": "Active" },
  { "id": 2, "name": "Aadhirai", "phone": "9823456789", "email": "aadhirai@example.com", "status": "Inactive" },
  { "id": 3, "name": "Senthamizh", "phone": "9812345678", "email": "senthamizh@example.com", "status": "Active" },
  { "id": 4, "name": "Kavinmozhi", "phone": "9834567890", "email": "kavinmozhi@example.com", "status": "Inactive" },
  { "id": 5, "name": "Vaannila", "phone": "9845678901", "email": "vaannila@example.com", "status": "Active" },
  { "id": 6, "name": "Anbudan", "phone": "9856789012", "email": "anbudan@example.com", "status": "Inactive" },
  { "id": 7, "name": "Kanimozhi", "phone": "9867890123", "email": "kanimozhi@example.com", "status": "Active" },
  { "id": 8, "name": "Maragadham", "phone": "9878901234", "email": "maragadham@example.com", "status": "Inactive" },
  { "id": 9, "name": "Ilavarasan", "phone": "9889012345", "email": "ilavarasan@example.com", "status": "Active" },
  { "id": 10, "name": "Oviya", "phone": "9890123456", "email": "oviya@example.com", "status": "Inactive" },
  { "id": 11, "name": "Madhivanan", "phone": "9801234567", "email": "madhivanan@example.com", "status": "Active" },
  { "id": 12, "name": "Sivapriyan", "phone": "9812345670", "email": "sivapriyan@example.com", "status": "Inactive" },
  { "id": 13, "name": "Thamarai", "phone": "9823456701", "email": "thamarai@example.com", "status": "Active" },
  { "id": 14, "name": "Ilangovan", "phone": "9834567012", "email": "ilangovan@example.com", "status": "Inactive" },
  { "id": 15, "name": "Thirumagal", "phone": "9845670123", "email": "thirumagal@example.com", "status": "Active" },
  { "id": 16, "name": "Senthilnathan", "phone": "9856701234", "email": "senthilnathan@example.com", "status": "Inactive" },
  { "id": 17, "name": "Nandhini", "phone": "9867012345", "email": "nandhini@example.com", "status": "Active" },
  { "id": 18, "name": "Gokulnath", "phone": "9870123456", "email": "gokulnath@example.com", "status": "Inactive" },
  { "id": 19, "name": "Rajamohan", "phone": "9881234567", "email": "rajamohan@example.com", "status": "Active" },
  { "id": 20, "name": "Thiruvarasan", "phone": "9892345678", "email": "thiruvarasan@example.com", "status": "Inactive" },
  { "id": 21, "name": "Saravanan", "phone": "9803456789", "email": "saravanan@example.com", "status": "Active" },
  { "id": 22, "name": "Abarna", "phone": "9814567890", "email": "abarna@example.com", "status": "Inactive" },
  { "id": 23, "name": "Karthikeyan", "phone": "9825678901", "email": "karthikeyan@example.com", "status": "Active" },
  { "id": 24, "name": "Mathivanan", "phone": "9836789012", "email": "mathivanan@example.com", "status": "Inactive" },
  { "id": 25, "name": "Udhayanidhi", "phone": "9847890123", "email": "udhayanidhi@example.com", "status": "Active" },
  { "id": 26, "name": "Poovizhi", "phone": "9858901234", "email": "poovizhi@example.com", "status": "Inactive" },
  { "id": 27, "name": "Sakthivel", "phone": "9869012345", "email": "sakthivel@example.com", "status": "Active" },
  { "id": 28, "name": "Meenakshi", "phone": "9870123456", "email": "meenakshi@example.com", "status": "Inactive" },
  { "id": 29, "name": "Veerapandi", "phone": "9881234567", "email": "veerapandi@example.com", "status": "Active" },
  { "id": 30, "name": "Yogeshwaran", "phone": "9892345678", "email": "yogeshwaran@example.com", "status": "Inactive" },
  { "id": 31, "name": "Ravikumar", "phone": "9803456789", "email": "ravikumar@example.com", "status": "Active" },
  { "id": 32, "name": "Ezhilarasi", "phone": "9814567890", "email": "ezhilarasi@example.com", "status": "Inactive" },
  { "id": 33, "name": "Manojkumar", "phone": "9825678901", "email": "manojkumar@example.com", "status": "Active" },
  { "id": 34, "name": "Vairamuthu", "phone": "9836789012", "email": "vairamuthu@example.com", "status": "Inactive" },
  { "id": 35, "name": "Raghunathan", "phone": "9847890123", "email": "raghunathan@example.com", "status": "Active" },
  { "id": 36, "name": "Abirami", "phone": "9858901234", "email": "abirami@example.com", "status": "Inactive" },
  { "id": 37, "name": "Kumaran", "phone": "9869012345", "email": "kumaran@example.com", "status": "Active" },
  { "id": 38, "name": "Bhavani", "phone": "9870123456", "email": "bhavani@example.com", "status": "Inactive" },
  { "id": 39, "name": "Pandiyan", "phone": "9881234567", "email": "pandiyan@example.com", "status": "Active" },
  { "id": 40, "name": "Vadivel", "phone": "9892345678", "email": "vadivel@example.com", "status": "Inactive" }
]
